{"cameraMode":{"drawMode":0,"name":"Shaded","section":"Shading Mode"},"sceneLighting":true,"audioPlay":false,"sceneViewState":{"m_AlwaysRefresh":false,"showFog":true,"showSkybox":true,"showFlares":true,"showImageEffects":true,"showParticleSystems":true,"showVisualEffectGraphs":true,"m_FxEnabled":true},"in2DMode":false,"pivot":{"x":-2.7211716175079347,"y":6.074733257293701,"z":0.2545481026172638},"rotation":{"x":0.6600704193115234,"y":0.0011292567942291499,"z":-0.0009869683999568225,"w":0.751224935054779},"size":54.812461853027347,"orthographic":true}