{"cameraMode":{"drawMode":0,"name":"Shaded","section":"Shading Mode"},"sceneLighting":true,"audioPlay":false,"sceneViewState":{"m_AlwaysRefresh":false,"showFog":true,"showSkybox":true,"showFlares":true,"showImageEffects":true,"showParticleSystems":true,"showVisualEffectGraphs":true,"m_FxEnabled":true},"in2DMode":false,"pivot":{"x":-2.7032077312469484,"y":-0.9155595898628235,"z":-5.929051876068115},"rotation":{"x":0.6510066390037537,"y":0.0011408295249566436,"z":-0.0009735264466144145,"w":0.7590895891189575},"size":70.66084289550781,"orthographic":true}