{"cameraMode":{"drawMode":0,"name":"Shaded","section":"Shading Mode"},"sceneLighting":true,"audioPlay":false,"sceneViewState":{"m_AlwaysRefresh":false,"showFog":true,"showSkybox":true,"showFlares":true,"showImageEffects":true,"showParticleSystems":true,"showVisualEffectGraphs":true,"m_FxEnabled":true},"in2DMode":false,"pivot":{"x":22.85408592224121,"y":9.526580810546875,"z":-13.536362648010254},"rotation":{"x":0.7371453642845154,"y":0.00811090413480997,"z":-0.008843333460390568,"w":0.675649881362915},"size":12.516172409057618,"orthographic":true}