{"cameraMode":{"drawMode":0,"name":"Shaded","section":"Shading Mode"},"sceneLighting":true,"audioPlay":false,"sceneViewState":{"m_AlwaysRefresh":false,"showFog":true,"showSkybox":true,"showFlares":true,"showImageEffects":true,"showParticleSystems":true,"showVisualEffectGraphs":true,"m_FxEnabled":true},"in2DMode":false,"pivot":{"x":3.8153927326202394,"y":5.558356285095215,"z":-0.7885366678237915},"rotation":{"x":0.7331283092498779,"y":0.0020428684074431659,"z":-0.002196694491431117,"w":0.6801072955131531},"size":51.47337341308594,"orthographic":true}