{"cameraMode":{"drawMode":0,"name":"Shaded","section":"Shading Mode"},"sceneLighting":true,"audioPlay":false,"sceneViewState":{"m_AlwaysRefresh":false,"showFog":true,"showSkybox":true,"showFlares":true,"showImageEffects":true,"showParticleSystems":true,"showVisualEffectGraphs":true,"m_FxEnabled":true},"in2DMode":false,"pivot":{"x":-1.1840218305587769,"y":5.54828405380249,"z":-0.6249616742134094},"rotation":{"x":0.7331283092498779,"y":0.0020428684074431659,"z":-0.002196694491431117,"w":0.6801072955131531},"size":52.97053146362305,"orthographic":true}