{"cameraMode":{"drawMode":0,"name":"Shaded","section":"Shading Mode"},"sceneLighting":true,"audioPlay":false,"sceneViewState":{"m_AlwaysRefresh":false,"showFog":true,"showSkybox":true,"showFlares":true,"showImageEffects":true,"showParticleSystems":true,"showVisualEffectGraphs":true,"m_FxEnabled":true},"in2DMode":false,"pivot":{"x":-10.697224617004395,"y":5.930629253387451,"z":-1.1096510887145997},"rotation":{"x":0.6667985916137695,"y":-0.0033511894289404155,"z":0.0030037295073270799,"w":0.7452472448348999},"size":52.66519546508789,"orthographic":true}