{"cameraMode":{"drawMode":0,"name":"Shaded","section":"Shading Mode"},"sceneLighting":true,"audioPlay":false,"sceneViewState":{"m_AlwaysRefresh":false,"showFog":true,"showSkybox":true,"showFlares":true,"showImageEffects":true,"showParticleSystems":true,"showVisualEffectGraphs":true,"m_FxEnabled":true},"in2DMode":false,"pivot":{"x":3.696488618850708,"y":0.037058278918266299,"z":-8.674976348876954},"rotation":{"x":0.70567786693573,"y":0.023376410827040674,"z":-0.023285014554858209,"w":0.7077980637550354},"size":47.00083541870117,"orthographic":true}